﻿<?xml version="1.0" encoding="utf-8"?>
<Symbolconfiguration xmlns="http://www.3s-software.com/schemas/Symbolconfiguration.xsd">
  <Header>
    <Version>3.5.14.0</Version>
    <SymbolConfigObject version="4.2.0.0" runtimeid="3.5.18.40" libversion="4.2.0.0" compiler="3.5.18.40" lmm="3.5.18.40" profile="CODESYS V3.5 SP18 Patch 4+" settings="SupportOPCUA, LayoutCalculator=OptimizedClientSideLayoutCalculator" />
    <ProjectInfo name="Implementação_1" devicename="Device" appname="Application" />
  </Header>
  <TypeList>
    <TypeSimple name="T_BOOL" size="1" swapsize="0" typeclass="Bool" iecname="BOOL" />
  </TypeList>
  <NodeList>
    <Node name="Application">
      <Node name="PLC_PRG">
        <Node name="Atentry1" type="T_BOOL" access="ReadWrite" />
        <Node name="Atentry2" type="T_BOOL" access="ReadWrite" />
        <Node name="Atexit" type="T_BOOL" access="ReadWrite" />
        <Node name="Attranfer1" type="T_BOOL" access="ReadWrite" />
        <Node name="Attranfer2" type="T_BOOL" access="ReadWrite" />
        <Node name="Conv1" type="T_BOOL" access="ReadWrite" />
        <Node name="Conv2" type="T_BOOL" access="ReadWrite" />
        <Node name="Conv3" type="T_BOOL" access="ReadWrite" />
        <Node name="Load1" type="T_BOOL" access="ReadWrite" />
        <Node name="Load2" type="T_BOOL" access="ReadWrite" />
        <Node name="Tranf_left1" type="T_BOOL" access="ReadWrite" />
        <Node name="Tranf_left2" type="T_BOOL" access="ReadWrite" />
      </Node>
    </Node>
  </NodeList>
</Symbolconfiguration>